{
  "name": "Lenny_Industries",
  "version": "1.4.0",
  "title": "Lenny Industries",
  "author": "Lenny",
	"contact": "https://discord.gg/bFNy7En",
	"homepage": "https://github.com/LennyIndustries/Lenny-Industries",
  "license": "GNU GPLv3",
  "description": "Lenny Industries",
  "factorio_version": "1.0",
	"dependencies": ["? angelssmelting", "? bobplates", "? bobelectronics", "? aai-industry", "? ShinyAngelGFX", "? bobvehicleequipment", "? angelsindustries", "? FARL", "? angelspetrochem"]
}
